treatment,projection,file,amp,spike_frequency
control,nonspecific,controlbla001_4_26_21.adicht,10,0.0
control,nonspecific,controlbla001_4_26_21.adicht,20,0.0
control,nonspecific,controlbla001_4_26_21.adicht,30,0.0
control,nonspecific,controlbla001_4_26_21.adicht,40,0.0
control,nonspecific,controlbla001_4_26_21.adicht,50,0.0
control,nonspecific,controlbla001_4_26_21.adicht,60,0.0
control,nonspecific,controlbla001_4_26_21.adicht,70,2.0
control,nonspecific,controlbla001_4_26_21.adicht,80,8.0
control,nonspecific,controlbla001_4_26_21.adicht,90,12.0
control,nonspecific,controlbla001_4_26_21.adicht,100,16.0
control,nonspecific,controlbla001_4_26_21.adicht,110,20.0
control,nonspecific,controlbla001_4_26_21.adicht,120,22.0
control,nonspecific,controlbla001_4_26_21.adicht,130,26.0
control,nonspecific,controlbla001_4_26_21.adicht,140,30.0
control,nonspecific,controlbla001_4_26_21.adicht,150,32.0
control,nonspecific,controlbla002_4_26_21.adicht,10,0.0
control,nonspecific,controlbla002_4_26_21.adicht,20,0.0
control,nonspecific,controlbla002_4_26_21.adicht,30,0.0
control,nonspecific,controlbla002_4_26_21.adicht,40,2.0
control,nonspecific,controlbla002_4_26_21.adicht,50,6.0
control,nonspecific,controlbla002_4_26_21.adicht,60,6.0
control,nonspecific,controlbla002_4_26_21.adicht,70,12.0
control,nonspecific,controlbla002_4_26_21.adicht,80,12.0
control,nonspecific,controlbla002_4_26_21.adicht,90,10.0
control,nonspecific,controlbla002_4_26_21.adicht,100,14.0
control,nonspecific,controlbla002_4_26_21.adicht,110,10.0
control,nonspecific,controlbla002_4_26_21.adicht,120,12.0
control,nonspecific,controlbla002_4_26_21.adicht,130,10.0
control,nonspecific,controlbla002_4_26_21.adicht,140,14.0
control,nonspecific,controlbla002_4_26_21.adicht,150,8.0
control,nonspecific,controlbla003_4_26_21.adicht,10,0.0
control,nonspecific,controlbla003_4_26_21.adicht,20,0.0
control,nonspecific,controlbla003_4_26_21.adicht,30,0.0
control,nonspecific,controlbla003_4_26_21.adicht,40,0.0
control,nonspecific,controlbla003_4_26_21.adicht,50,2.0
control,nonspecific,controlbla003_4_26_21.adicht,60,4.0
control,nonspecific,controlbla003_4_26_21.adicht,70,4.0
control,nonspecific,controlbla003_4_26_21.adicht,80,6.0
control,nonspecific,controlbla003_4_26_21.adicht,90,12.0
control,nonspecific,controlbla003_4_26_21.adicht,100,14.0
control,nonspecific,controlbla003_4_26_21.adicht,110,18.0
control,nonspecific,controlbla003_4_26_21.adicht,120,20.0
control,nonspecific,controlbla003_4_26_21.adicht,130,22.0
control,nonspecific,controlbla003_4_26_21.adicht,140,24.0
control,nonspecific,controlbla003_4_26_21.adicht,150,24.0
control,nonspecific,controlbla004_4_26_21.adicht,10,0.0
control,nonspecific,controlbla004_4_26_21.adicht,20,0.0
control,nonspecific,controlbla004_4_26_21.adicht,30,0.0
control,nonspecific,controlbla004_4_26_21.adicht,40,2.0
control,nonspecific,controlbla004_4_26_21.adicht,50,2.0
control,nonspecific,controlbla004_4_26_21.adicht,60,10.0
control,nonspecific,controlbla004_4_26_21.adicht,70,16.0
control,nonspecific,controlbla004_4_26_21.adicht,80,16.0
control,nonspecific,controlbla004_4_26_21.adicht,90,14.0
control,nonspecific,controlbla004_4_26_21.adicht,100,14.0
control,nonspecific,controlbla004_4_26_21.adicht,110,8.0
control,nonspecific,controlbla004_4_26_21.adicht,120,10.0
control,nonspecific,controlbla004_4_26_21.adicht,130,8.0
control,nonspecific,controlbla004_4_26_21.adicht,140,8.0
control,nonspecific,controlbla004_4_26_21.adicht,150,6.0
control,nonspecific,controlbla007_5_6_21.adicht,10,0.0
control,nonspecific,controlbla007_5_6_21.adicht,20,0.0
control,nonspecific,controlbla007_5_6_21.adicht,30,0.0
control,nonspecific,controlbla007_5_6_21.adicht,40,0.0
control,nonspecific,controlbla007_5_6_21.adicht,50,0.0
control,nonspecific,controlbla007_5_6_21.adicht,60,2.0
control,nonspecific,controlbla007_5_6_21.adicht,70,8.0
control,nonspecific,controlbla007_5_6_21.adicht,80,10.0
control,nonspecific,controlbla007_5_6_21.adicht,90,12.0
control,nonspecific,controlbla007_5_6_21.adicht,100,16.0
control,nonspecific,controlbla007_5_6_21.adicht,110,26.0
control,nonspecific,controlbla007_5_6_21.adicht,120,60.0
control,nonspecific,controlbla007_5_6_21.adicht,130,44.0
control,nonspecific,controlbla007_5_6_21.adicht,140,68.0
control,nonspecific,controlbla007_5_6_21.adicht,150,86.0
control,nonspecific,controlbla008_5_6_21.adicht,10,0.0
control,nonspecific,controlbla008_5_6_21.adicht,20,0.0
control,nonspecific,controlbla008_5_6_21.adicht,30,0.0
control,nonspecific,controlbla008_5_6_21.adicht,40,0.0
control,nonspecific,controlbla008_5_6_21.adicht,50,4.0
control,nonspecific,controlbla008_5_6_21.adicht,60,2.0
control,nonspecific,controlbla008_5_6_21.adicht,70,4.0
control,nonspecific,controlbla008_5_6_21.adicht,80,8.0
control,nonspecific,controlbla008_5_6_21.adicht,90,10.0
control,nonspecific,controlbla008_5_6_21.adicht,100,16.0
control,nonspecific,controlbla008_5_6_21.adicht,110,14.0
control,nonspecific,controlbla008_5_6_21.adicht,120,18.0
control,nonspecific,controlbla008_5_6_21.adicht,130,20.0
control,nonspecific,controlbla008_5_6_21.adicht,140,20.0
control,nonspecific,controlbla008_5_6_21.adicht,150,22.0
control,nonspecific,controlbla009_5_6_21.adicht,10,0.0
control,nonspecific,controlbla009_5_6_21.adicht,20,0.0
control,nonspecific,controlbla009_5_6_21.adicht,30,0.0
control,nonspecific,controlbla009_5_6_21.adicht,40,2.0
control,nonspecific,controlbla009_5_6_21.adicht,50,6.0
control,nonspecific,controlbla009_5_6_21.adicht,60,12.0
control,nonspecific,controlbla009_5_6_21.adicht,70,16.0
control,nonspecific,controlbla009_5_6_21.adicht,80,20.0
control,nonspecific,controlbla009_5_6_21.adicht,90,22.0
control,nonspecific,controlbla009_5_6_21.adicht,100,24.0
control,nonspecific,controlbla009_5_6_21.adicht,110,26.0
control,nonspecific,controlbla009_5_6_21.adicht,120,24.0
control,nonspecific,controlbla009_5_6_21.adicht,130,12.0
control,nonspecific,controlbla009_5_6_21.adicht,140,6.0
control,nonspecific,controlbla009_5_6_21.adicht,150,4.0
control,nonspecific,controlbla010_5_6_21.adicht,10,0.0
control,nonspecific,controlbla010_5_6_21.adicht,20,0.0
control,nonspecific,controlbla010_5_6_21.adicht,30,0.0
control,nonspecific,controlbla010_5_6_21.adicht,40,0.0
control,nonspecific,controlbla010_5_6_21.adicht,50,0.0
control,nonspecific,controlbla010_5_6_21.adicht,60,12.0
control,nonspecific,controlbla010_5_6_21.adicht,70,20.0
control,nonspecific,controlbla010_5_6_21.adicht,80,22.0
control,nonspecific,controlbla010_5_6_21.adicht,90,28.0
control,nonspecific,controlbla010_5_6_21.adicht,100,32.0
control,nonspecific,controlbla010_5_6_21.adicht,110,34.0
control,nonspecific,controlbla010_5_6_21.adicht,120,36.0
control,nonspecific,controlbla010_5_6_21.adicht,130,38.0
control,nonspecific,controlbla010_5_6_21.adicht,140,40.0
control,nonspecific,controlbla010_5_6_21.adicht,150,42.0
control,nonspecific,controlbla011_5_6_21.adicht,10,0.0
control,nonspecific,controlbla011_5_6_21.adicht,20,0.0
control,nonspecific,controlbla011_5_6_21.adicht,30,10.0
control,nonspecific,controlbla011_5_6_21.adicht,40,14.0
control,nonspecific,controlbla011_5_6_21.adicht,50,22.0
control,nonspecific,controlbla011_5_6_21.adicht,60,26.0
control,nonspecific,controlbla011_5_6_21.adicht,70,28.0
control,nonspecific,controlbla011_5_6_21.adicht,80,32.0
control,nonspecific,controlbla011_5_6_21.adicht,90,32.0
control,nonspecific,controlbla011_5_6_21.adicht,100,36.0
control,nonspecific,controlbla011_5_6_21.adicht,110,36.0
control,nonspecific,controlbla011_5_6_21.adicht,120,38.0
control,nonspecific,controlbla011_5_6_21.adicht,130,40.0
control,nonspecific,controlbla011_5_6_21.adicht,140,42.0
control,nonspecific,controlbla011_5_6_21.adicht,150,44.0
control,nonspecific,controlbla012_5_6_21.adicht,10,0.0
control,nonspecific,controlbla012_5_6_21.adicht,20,0.0
control,nonspecific,controlbla012_5_6_21.adicht,30,0.0
control,nonspecific,controlbla012_5_6_21.adicht,40,0.0
control,nonspecific,controlbla012_5_6_21.adicht,50,6.0
control,nonspecific,controlbla012_5_6_21.adicht,60,14.0
control,nonspecific,controlbla012_5_6_21.adicht,70,16.0
control,nonspecific,controlbla012_5_6_21.adicht,80,22.0
control,nonspecific,controlbla012_5_6_21.adicht,90,22.0
control,nonspecific,controlbla012_5_6_21.adicht,100,24.0
control,nonspecific,controlbla012_5_6_21.adicht,110,26.0
control,nonspecific,controlbla012_5_6_21.adicht,120,28.0
control,nonspecific,controlbla012_5_6_21.adicht,130,30.0
control,nonspecific,controlbla012_5_6_21.adicht,140,32.0
control,nonspecific,controlbla012_5_6_21.adicht,150,34.0
control,nonspecific,controlbla013_5_6_21.adicht,10,0.0
control,nonspecific,controlbla013_5_6_21.adicht,20,0.0
control,nonspecific,controlbla013_5_6_21.adicht,30,0.0
control,nonspecific,controlbla013_5_6_21.adicht,40,6.0
control,nonspecific,controlbla013_5_6_21.adicht,50,14.0
control,nonspecific,controlbla013_5_6_21.adicht,60,18.0
control,nonspecific,controlbla013_5_6_21.adicht,70,26.0
control,nonspecific,controlbla013_5_6_21.adicht,80,28.0
control,nonspecific,controlbla013_5_6_21.adicht,90,32.0
control,nonspecific,controlbla013_5_6_21.adicht,100,36.0
control,nonspecific,controlbla013_5_6_21.adicht,110,36.0
control,nonspecific,controlbla013_5_6_21.adicht,120,38.0
control,nonspecific,controlbla013_5_6_21.adicht,130,42.0
control,nonspecific,controlbla013_5_6_21.adicht,140,36.0
control,nonspecific,controlbla013_5_6_21.adicht,150,22.0
control,nonspecific,controlbla014_5_6_21.adicht,10,0.0
control,nonspecific,controlbla014_5_6_21.adicht,20,0.0
control,nonspecific,controlbla014_5_6_21.adicht,30,0.0
control,nonspecific,controlbla014_5_6_21.adicht,40,0.0
control,nonspecific,controlbla014_5_6_21.adicht,50,6.0
control,nonspecific,controlbla014_5_6_21.adicht,60,12.0
control,nonspecific,controlbla014_5_6_21.adicht,70,18.0
control,nonspecific,controlbla014_5_6_21.adicht,80,22.0
control,nonspecific,controlbla014_5_6_21.adicht,90,26.0
control,nonspecific,controlbla014_5_6_21.adicht,100,28.0
control,nonspecific,controlbla014_5_6_21.adicht,110,30.0
control,nonspecific,controlbla014_5_6_21.adicht,120,32.0
control,nonspecific,controlbla014_5_6_21.adicht,130,32.0
control,nonspecific,controlbla014_5_6_21.adicht,140,34.0
control,nonspecific,controlbla014_5_6_21.adicht,150,36.0
control,nonspecific,controlbla015_5_17_21.adicht,10,0.0
control,nonspecific,controlbla015_5_17_21.adicht,20,0.0
control,nonspecific,controlbla015_5_17_21.adicht,30,0.0
control,nonspecific,controlbla015_5_17_21.adicht,40,0.0
control,nonspecific,controlbla015_5_17_21.adicht,50,0.0
control,nonspecific,controlbla015_5_17_21.adicht,60,0.0
control,nonspecific,controlbla015_5_17_21.adicht,70,0.0
control,nonspecific,controlbla015_5_17_21.adicht,80,4.0
control,nonspecific,controlbla015_5_17_21.adicht,90,8.0
control,nonspecific,controlbla015_5_17_21.adicht,100,10.0
control,nonspecific,controlbla015_5_17_21.adicht,110,14.0
control,nonspecific,controlbla015_5_17_21.adicht,120,16.0
control,nonspecific,controlbla015_5_17_21.adicht,130,20.0
control,nonspecific,controlbla015_5_17_21.adicht,140,22.0
control,nonspecific,controlbla015_5_17_21.adicht,150,26.0
control,nonspecific,controlbla017_5_27_21.adicht,10,0.0
control,nonspecific,controlbla017_5_27_21.adicht,20,0.0
control,nonspecific,controlbla017_5_27_21.adicht,30,0.0
control,nonspecific,controlbla017_5_27_21.adicht,40,0.0
control,nonspecific,controlbla017_5_27_21.adicht,50,0.0
control,nonspecific,controlbla017_5_27_21.adicht,60,2.0
control,nonspecific,controlbla017_5_27_21.adicht,70,8.0
control,nonspecific,controlbla017_5_27_21.adicht,80,14.0
control,nonspecific,controlbla017_5_27_21.adicht,90,22.0
control,nonspecific,controlbla017_5_27_21.adicht,100,32.0
control,nonspecific,controlbla017_5_27_21.adicht,110,36.0
control,nonspecific,controlbla017_5_27_21.adicht,120,40.0
control,nonspecific,controlbla017_5_27_21.adicht,130,44.0
control,nonspecific,controlbla017_5_27_21.adicht,140,18.0
control,nonspecific,controlbla017_5_27_21.adicht,150,14.0
control,nonspecific,controlbla018_5_27_21.adicht,10,0.0
control,nonspecific,controlbla018_5_27_21.adicht,20,0.0
control,nonspecific,controlbla018_5_27_21.adicht,30,0.0
control,nonspecific,controlbla018_5_27_21.adicht,40,2.0
control,nonspecific,controlbla018_5_27_21.adicht,50,6.0
control,nonspecific,controlbla018_5_27_21.adicht,60,10.0
control,nonspecific,controlbla018_5_27_21.adicht,70,12.0
control,nonspecific,controlbla018_5_27_21.adicht,80,14.0
control,nonspecific,controlbla018_5_27_21.adicht,90,8.0
control,nonspecific,controlbla018_5_27_21.adicht,100,6.0
control,nonspecific,controlbla018_5_27_21.adicht,110,6.0
control,nonspecific,controlbla018_5_27_21.adicht,120,6.0
control,nonspecific,controlbla018_5_27_21.adicht,130,4.0
control,nonspecific,controlbla018_5_27_21.adicht,140,4.0
control,nonspecific,controlbla018_5_27_21.adicht,150,4.0
control,nonspecific,controlbla020_5_27_21.adicht,10,0.0
control,nonspecific,controlbla020_5_27_21.adicht,20,2.0
control,nonspecific,controlbla020_5_27_21.adicht,30,6.0
control,nonspecific,controlbla020_5_27_21.adicht,40,12.0
control,nonspecific,controlbla020_5_27_21.adicht,50,16.0
control,nonspecific,controlbla020_5_27_21.adicht,60,20.0
control,nonspecific,controlbla020_5_27_21.adicht,70,24.0
control,nonspecific,controlbla020_5_27_21.adicht,80,26.0
control,nonspecific,controlbla020_5_27_21.adicht,90,30.0
control,nonspecific,controlbla020_5_27_21.adicht,100,32.0
control,nonspecific,controlbla020_5_27_21.adicht,110,34.0
control,nonspecific,controlbla020_5_27_21.adicht,120,36.0
control,nonspecific,controlbla020_5_27_21.adicht,130,36.0
control,nonspecific,controlbla020_5_27_21.adicht,140,38.0
control,nonspecific,controlbla020_5_27_21.adicht,150,38.0
control,nonspecific,controlbla021_5_27_21.adicht,10,0.0
control,nonspecific,controlbla021_5_27_21.adicht,20,0.0
control,nonspecific,controlbla021_5_27_21.adicht,30,0.0
control,nonspecific,controlbla021_5_27_21.adicht,40,0.0
control,nonspecific,controlbla021_5_27_21.adicht,50,4.0
control,nonspecific,controlbla021_5_27_21.adicht,60,8.0
control,nonspecific,controlbla021_5_27_21.adicht,70,12.0
control,nonspecific,controlbla021_5_27_21.adicht,80,18.0
control,nonspecific,controlbla021_5_27_21.adicht,90,18.0
control,nonspecific,controlbla021_5_27_21.adicht,100,22.0
control,nonspecific,controlbla021_5_27_21.adicht,110,28.0
control,nonspecific,controlbla021_5_27_21.adicht,120,32.0
control,nonspecific,controlbla021_5_27_21.adicht,130,34.0
control,nonspecific,controlbla021_5_27_21.adicht,140,34.0
control,nonspecific,controlbla021_5_27_21.adicht,150,36.0
control,nonspecific,controlblapv001_4_26_21.adicht,10,0.0
control,nonspecific,controlblapv001_4_26_21.adicht,20,0.0
control,nonspecific,controlblapv001_4_26_21.adicht,30,0.0
control,nonspecific,controlblapv001_4_26_21.adicht,40,8.0
control,nonspecific,controlblapv001_4_26_21.adicht,50,18.0
control,nonspecific,controlblapv001_4_26_21.adicht,60,24.0
control,nonspecific,controlblapv001_4_26_21.adicht,70,28.0
control,nonspecific,controlblapv001_4_26_21.adicht,80,32.0
control,nonspecific,controlblapv001_4_26_21.adicht,90,34.0
control,nonspecific,controlblapv001_4_26_21.adicht,100,38.0
control,nonspecific,controlblapv001_4_26_21.adicht,110,42.0
control,nonspecific,controlblapv001_4_26_21.adicht,120,44.0
control,nonspecific,controlblapv001_4_26_21.adicht,130,46.0
control,nonspecific,controlblapv001_4_26_21.adicht,140,48.0
control,nonspecific,controlblapv001_4_26_21.adicht,150,50.0
control,nonspecific,controlblapv002_4_26_21.adicht,10,0.0
control,nonspecific,controlblapv002_4_26_21.adicht,20,0.0
control,nonspecific,controlblapv002_4_26_21.adicht,30,0.0
control,nonspecific,controlblapv002_4_26_21.adicht,40,0.0
control,nonspecific,controlblapv002_4_26_21.adicht,50,14.0
control,nonspecific,controlblapv002_4_26_21.adicht,60,26.0
control,nonspecific,controlblapv002_4_26_21.adicht,70,36.0
control,nonspecific,controlblapv002_4_26_21.adicht,80,44.0
control,nonspecific,controlblapv002_4_26_21.adicht,90,54.0
control,nonspecific,controlblapv002_4_26_21.adicht,100,60.0
control,nonspecific,controlblapv002_4_26_21.adicht,110,66.0
control,nonspecific,controlblapv002_4_26_21.adicht,120,66.0
control,nonspecific,controlblapv002_4_26_21.adicht,130,34.0
control,nonspecific,controlblapv002_4_26_21.adicht,140,12.0
control,nonspecific,controlblapv002_4_26_21.adicht,150,8.0
control,nonspecific,controlblapv003_4_26_21.adicht,10,0.0
control,nonspecific,controlblapv003_4_26_21.adicht,20,0.0
control,nonspecific,controlblapv003_4_26_21.adicht,30,0.0
control,nonspecific,controlblapv003_4_26_21.adicht,40,2.0
control,nonspecific,controlblapv003_4_26_21.adicht,50,16.0
control,nonspecific,controlblapv003_4_26_21.adicht,60,22.0
control,nonspecific,controlblapv003_4_26_21.adicht,70,28.0
control,nonspecific,controlblapv003_4_26_21.adicht,80,34.0
control,nonspecific,controlblapv003_4_26_21.adicht,90,38.0
control,nonspecific,controlblapv003_4_26_21.adicht,100,40.0
control,nonspecific,controlblapv003_4_26_21.adicht,110,46.0
control,nonspecific,controlblapv003_4_26_21.adicht,120,50.0
control,nonspecific,controlblapv003_4_26_21.adicht,130,56.0
control,nonspecific,controlblapv003_4_26_21.adicht,140,58.0
control,nonspecific,controlblapv003_4_26_21.adicht,150,60.0
cus,bnst,fgbnst-cus-bla001_7_6_21.adicht,10,0.0
cus,bnst,fgbnst-cus-bla001_7_6_21.adicht,20,0.0
cus,bnst,fgbnst-cus-bla001_7_6_21.adicht,30,2.0
cus,bnst,fgbnst-cus-bla001_7_6_21.adicht,40,8.0
cus,bnst,fgbnst-cus-bla001_7_6_21.adicht,50,10.0
cus,bnst,fgbnst-cus-bla001_7_6_21.adicht,60,14.0
cus,bnst,fgbnst-cus-bla001_7_6_21.adicht,70,18.0
cus,bnst,fgbnst-cus-bla001_7_6_21.adicht,80,22.0
cus,bnst,fgbnst-cus-bla001_7_6_21.adicht,90,12.0
cus,bnst,fgbnst-cus-bla001_7_6_21.adicht,100,10.0
cus,bnst,fgbnst-cus-bla001_7_6_21.adicht,110,10.0
cus,bnst,fgbnst-cus-bla001_7_6_21.adicht,120,8.0
cus,bnst,fgbnst-cus-bla001_7_6_21.adicht,130,8.0
cus,bnst,fgbnst-cus-bla001_7_6_21.adicht,140,6.0
cus,bnst,fgbnst-cus-bla001_7_6_21.adicht,150,6.0
cus,bnst,fgbnst-cus-bla002_7_6_21.adicht,10,0.0
cus,bnst,fgbnst-cus-bla002_7_6_21.adicht,20,16.0
cus,bnst,fgbnst-cus-bla002_7_6_21.adicht,30,26.0
cus,bnst,fgbnst-cus-bla002_7_6_21.adicht,40,30.0
cus,bnst,fgbnst-cus-bla002_7_6_21.adicht,50,34.0
cus,bnst,fgbnst-cus-bla002_7_6_21.adicht,60,22.0
cus,bnst,fgbnst-cus-bla002_7_6_21.adicht,70,6.0
cus,bnst,fgbnst-cus-bla002_7_6_21.adicht,80,4.0
cus,bnst,fgbnst-cus-bla002_7_6_21.adicht,90,4.0
cus,bnst,fgbnst-cus-bla002_7_6_21.adicht,100,4.0
cus,bnst,fgbnst-cus-bla002_7_6_21.adicht,110,2.0
cus,bnst,fgbnst-cus-bla002_7_6_21.adicht,120,2.0
cus,bnst,fgbnst-cus-bla002_7_6_21.adicht,130,2.0
cus,bnst,fgbnst-cus-bla002_7_6_21.adicht,140,2.0
cus,bnst,fgbnst-cus-bla002_7_6_21.adicht,150,2.0
cus,bnst,fgbnst-cus-bla003_7_6_21.adicht,10,0.0
cus,bnst,fgbnst-cus-bla003_7_6_21.adicht,20,0.0
cus,bnst,fgbnst-cus-bla003_7_6_21.adicht,30,0.0
cus,bnst,fgbnst-cus-bla003_7_6_21.adicht,40,0.0
cus,bnst,fgbnst-cus-bla003_7_6_21.adicht,50,0.0
cus,bnst,fgbnst-cus-bla003_7_6_21.adicht,60,8.0
cus,bnst,fgbnst-cus-bla003_7_6_21.adicht,70,16.0
cus,bnst,fgbnst-cus-bla003_7_6_21.adicht,80,22.0
cus,bnst,fgbnst-cus-bla003_7_6_21.adicht,90,28.0
cus,bnst,fgbnst-cus-bla003_7_6_21.adicht,100,34.0
cus,bnst,fgbnst-cus-bla003_7_6_21.adicht,110,38.0
cus,bnst,fgbnst-cus-bla003_7_6_21.adicht,120,42.0
cus,bnst,fgbnst-cus-bla003_7_6_21.adicht,130,44.0
cus,bnst,fgbnst-cus-bla003_7_6_21.adicht,140,46.0
cus,bnst,fgbnst-cus-bla003_7_6_21.adicht,150,50.0
cus,bnst,fgbnst-cus-bla004_7_6_21.adicht,10,0.0
cus,bnst,fgbnst-cus-bla004_7_6_21.adicht,20,0.0
cus,bnst,fgbnst-cus-bla004_7_6_21.adicht,30,0.0
cus,bnst,fgbnst-cus-bla004_7_6_21.adicht,40,12.0
cus,bnst,fgbnst-cus-bla004_7_6_21.adicht,50,20.0
cus,bnst,fgbnst-cus-bla004_7_6_21.adicht,60,26.0
cus,bnst,fgbnst-cus-bla004_7_6_21.adicht,70,32.0
cus,bnst,fgbnst-cus-bla004_7_6_21.adicht,80,36.0
cus,bnst,fgbnst-cus-bla004_7_6_21.adicht,90,34.0
cus,bnst,fgbnst-cus-bla004_7_6_21.adicht,100,34.0
cus,bnst,fgbnst-cus-bla004_7_6_21.adicht,110,30.0
cus,bnst,fgbnst-cus-bla004_7_6_21.adicht,120,24.0
cus,bnst,fgbnst-cus-bla004_7_6_21.adicht,130,14.0
cus,bnst,fgbnst-cus-bla004_7_6_21.adicht,140,4.0
cus,bnst,fgbnst-cus-bla004_7_6_21.adicht,150,4.0
cus,bnst,fgbnst-cus-bla005_7_6_21.adicht,10,0.0
cus,bnst,fgbnst-cus-bla005_7_6_21.adicht,20,0.0
cus,bnst,fgbnst-cus-bla005_7_6_21.adicht,30,0.0
cus,bnst,fgbnst-cus-bla005_7_6_21.adicht,40,0.0
cus,bnst,fgbnst-cus-bla005_7_6_21.adicht,50,8.0
cus,bnst,fgbnst-cus-bla005_7_6_21.adicht,60,16.0
cus,bnst,fgbnst-cus-bla005_7_6_21.adicht,70,24.0
cus,bnst,fgbnst-cus-bla005_7_6_21.adicht,80,32.0
cus,bnst,fgbnst-cus-bla005_7_6_21.adicht,90,38.0
cus,bnst,fgbnst-cus-bla005_7_6_21.adicht,100,42.0
cus,bnst,fgbnst-cus-bla005_7_6_21.adicht,110,46.0
cus,bnst,fgbnst-cus-bla005_7_6_21.adicht,120,50.0
cus,bnst,fgbnst-cus-bla005_7_6_21.adicht,130,52.0
cus,bnst,fgbnst-cus-bla005_7_6_21.adicht,140,54.0
cus,bnst,fgbnst-cus-bla005_7_6_21.adicht,150,56.0
cus,bnst,fgbnst-cus-bla006_7_9_21.adicht,10,0.0
cus,bnst,fgbnst-cus-bla006_7_9_21.adicht,20,0.0
cus,bnst,fgbnst-cus-bla006_7_9_21.adicht,30,0.0
cus,bnst,fgbnst-cus-bla006_7_9_21.adicht,40,0.0
cus,bnst,fgbnst-cus-bla006_7_9_21.adicht,50,6.0
cus,bnst,fgbnst-cus-bla006_7_9_21.adicht,60,12.0
cus,bnst,fgbnst-cus-bla006_7_9_21.adicht,70,16.0
cus,bnst,fgbnst-cus-bla006_7_9_21.adicht,80,20.0
cus,bnst,fgbnst-cus-bla006_7_9_21.adicht,90,22.0
cus,bnst,fgbnst-cus-bla006_7_9_21.adicht,100,24.0
cus,bnst,fgbnst-cus-bla006_7_9_21.adicht,110,26.0
cus,bnst,fgbnst-cus-bla006_7_9_21.adicht,120,28.0
cus,bnst,fgbnst-cus-bla006_7_9_21.adicht,130,30.0
cus,bnst,fgbnst-cus-bla006_7_9_21.adicht,140,32.0
cus,bnst,fgbnst-cus-bla006_7_9_21.adicht,150,32.0
cus,bnst,fgbnst-cus-bla007_7_9_21.adicht,10,0.0
cus,bnst,fgbnst-cus-bla007_7_9_21.adicht,20,0.0
cus,bnst,fgbnst-cus-bla007_7_9_21.adicht,30,0.0
cus,bnst,fgbnst-cus-bla007_7_9_21.adicht,40,0.0
cus,bnst,fgbnst-cus-bla007_7_9_21.adicht,50,0.0
cus,bnst,fgbnst-cus-bla007_7_9_21.adicht,60,0.0
cus,bnst,fgbnst-cus-bla007_7_9_21.adicht,70,0.0
cus,bnst,fgbnst-cus-bla007_7_9_21.adicht,80,18.0
cus,bnst,fgbnst-cus-bla007_7_9_21.adicht,90,24.0
cus,bnst,fgbnst-cus-bla007_7_9_21.adicht,100,30.0
cus,bnst,fgbnst-cus-bla007_7_9_21.adicht,110,32.0
cus,bnst,fgbnst-cus-bla007_7_9_21.adicht,120,34.0
cus,bnst,fgbnst-cus-bla007_7_9_21.adicht,130,36.0
cus,bnst,fgbnst-cus-bla007_7_9_21.adicht,140,38.0
cus,bnst,fgbnst-cus-bla007_7_9_21.adicht,150,38.0
cus,bnst,fgbnst-cus-bla008_7_9_21.adicht,10,0.0
cus,bnst,fgbnst-cus-bla008_7_9_21.adicht,20,0.0
cus,bnst,fgbnst-cus-bla008_7_9_21.adicht,30,0.0
cus,bnst,fgbnst-cus-bla008_7_9_21.adicht,40,6.0
cus,bnst,fgbnst-cus-bla008_7_9_21.adicht,50,10.0
cus,bnst,fgbnst-cus-bla008_7_9_21.adicht,60,14.0
cus,bnst,fgbnst-cus-bla008_7_9_21.adicht,70,18.0
cus,bnst,fgbnst-cus-bla008_7_9_21.adicht,80,20.0
cus,bnst,fgbnst-cus-bla008_7_9_21.adicht,90,24.0
cus,bnst,fgbnst-cus-bla008_7_9_21.adicht,100,26.0
cus,bnst,fgbnst-cus-bla008_7_9_21.adicht,110,30.0
cus,bnst,fgbnst-cus-bla008_7_9_21.adicht,120,32.0
cus,bnst,fgbnst-cus-bla008_7_9_21.adicht,130,34.0
cus,bnst,fgbnst-cus-bla008_7_9_21.adicht,140,26.0
cus,bnst,fgbnst-cus-bla008_7_9_21.adicht,150,26.0
cus,bnst,fgbnst-cus-bla010_7_9_21.adicht,10,6.0
cus,bnst,fgbnst-cus-bla010_7_9_21.adicht,20,12.0
cus,bnst,fgbnst-cus-bla010_7_9_21.adicht,30,16.0
cus,bnst,fgbnst-cus-bla010_7_9_21.adicht,40,20.0
cus,bnst,fgbnst-cus-bla010_7_9_21.adicht,50,24.0
cus,bnst,fgbnst-cus-bla010_7_9_21.adicht,60,28.0
cus,bnst,fgbnst-cus-bla010_7_9_21.adicht,70,30.0
cus,bnst,fgbnst-cus-bla010_7_9_21.adicht,80,34.0
cus,bnst,fgbnst-cus-bla010_7_9_21.adicht,90,34.0
cus,bnst,fgbnst-cus-bla010_7_9_21.adicht,100,36.0
cus,bnst,fgbnst-cus-bla010_7_9_21.adicht,110,36.0
cus,bnst,fgbnst-cus-bla010_7_9_21.adicht,120,38.0
cus,bnst,fgbnst-cus-bla010_7_9_21.adicht,130,30.0
cus,bnst,fgbnst-cus-bla010_7_9_21.adicht,140,14.0
cus,bnst,fgbnst-cus-bla010_7_9_21.adicht,150,6.0
cus,nacc,fgnacc-cus-bla001_6_29_21.adicht,10,0.0
cus,nacc,fgnacc-cus-bla001_6_29_21.adicht,20,0.0
cus,nacc,fgnacc-cus-bla001_6_29_21.adicht,30,0.0
cus,nacc,fgnacc-cus-bla001_6_29_21.adicht,40,0.0
cus,nacc,fgnacc-cus-bla001_6_29_21.adicht,50,2.0
cus,nacc,fgnacc-cus-bla001_6_29_21.adicht,60,8.0
cus,nacc,fgnacc-cus-bla001_6_29_21.adicht,70,12.0
cus,nacc,fgnacc-cus-bla001_6_29_21.adicht,80,14.0
cus,nacc,fgnacc-cus-bla001_6_29_21.adicht,90,18.0
cus,nacc,fgnacc-cus-bla001_6_29_21.adicht,100,22.0
cus,nacc,fgnacc-cus-bla001_6_29_21.adicht,110,22.0
cus,nacc,fgnacc-cus-bla001_6_29_21.adicht,120,26.0
cus,nacc,fgnacc-cus-bla001_6_29_21.adicht,130,28.0
cus,nacc,fgnacc-cus-bla001_6_29_21.adicht,140,30.0
cus,nacc,fgnacc-cus-bla001_6_29_21.adicht,150,32.0
cus,nacc,fgnacc-cus-bla003_6_29_21.adicht,10,0.0
cus,nacc,fgnacc-cus-bla003_6_29_21.adicht,20,0.0
cus,nacc,fgnacc-cus-bla003_6_29_21.adicht,30,0.0
cus,nacc,fgnacc-cus-bla003_6_29_21.adicht,40,4.0
cus,nacc,fgnacc-cus-bla003_6_29_21.adicht,50,12.0
cus,nacc,fgnacc-cus-bla003_6_29_21.adicht,60,20.0
cus,nacc,fgnacc-cus-bla003_6_29_21.adicht,70,24.0
cus,nacc,fgnacc-cus-bla003_6_29_21.adicht,80,34.0
cus,nacc,fgnacc-cus-bla003_6_29_21.adicht,90,34.0
cus,nacc,fgnacc-cus-bla003_6_29_21.adicht,100,38.0
cus,nacc,fgnacc-cus-bla003_6_29_21.adicht,110,38.0
cus,nacc,fgnacc-cus-bla003_6_29_21.adicht,120,44.0
cus,nacc,fgnacc-cus-bla003_6_29_21.adicht,130,46.0
cus,nacc,fgnacc-cus-bla003_6_29_21.adicht,140,48.0
cus,nacc,fgnacc-cus-bla003_6_29_21.adicht,150,48.0
cus,nacc,fgnacc-cus-bla004_6_30_21.adicht,10,0.0
cus,nacc,fgnacc-cus-bla004_6_30_21.adicht,20,0.0
cus,nacc,fgnacc-cus-bla004_6_30_21.adicht,30,0.0
cus,nacc,fgnacc-cus-bla004_6_30_21.adicht,40,0.0
cus,nacc,fgnacc-cus-bla004_6_30_21.adicht,50,0.0
cus,nacc,fgnacc-cus-bla004_6_30_21.adicht,60,0.0
cus,nacc,fgnacc-cus-bla004_6_30_21.adicht,70,0.0
cus,nacc,fgnacc-cus-bla004_6_30_21.adicht,80,0.0
cus,nacc,fgnacc-cus-bla004_6_30_21.adicht,90,2.0
cus,nacc,fgnacc-cus-bla004_6_30_21.adicht,100,4.0
cus,nacc,fgnacc-cus-bla004_6_30_21.adicht,110,6.0
cus,nacc,fgnacc-cus-bla004_6_30_21.adicht,120,8.0
cus,nacc,fgnacc-cus-bla004_6_30_21.adicht,130,8.0
cus,nacc,fgnacc-cus-bla004_6_30_21.adicht,140,12.0
cus,nacc,fgnacc-cus-bla004_6_30_21.adicht,150,12.0
cus,nacc,fgnacc-cus-bla005_6_30_21.adicht,10,0.0
cus,nacc,fgnacc-cus-bla005_6_30_21.adicht,20,0.0
cus,nacc,fgnacc-cus-bla005_6_30_21.adicht,30,0.0
cus,nacc,fgnacc-cus-bla005_6_30_21.adicht,40,0.0
cus,nacc,fgnacc-cus-bla005_6_30_21.adicht,50,6.0
cus,nacc,fgnacc-cus-bla005_6_30_21.adicht,60,8.0
cus,nacc,fgnacc-cus-bla005_6_30_21.adicht,70,10.0
cus,nacc,fgnacc-cus-bla005_6_30_21.adicht,80,12.0
cus,nacc,fgnacc-cus-bla005_6_30_21.adicht,90,14.0
cus,nacc,fgnacc-cus-bla005_6_30_21.adicht,100,16.0
cus,nacc,fgnacc-cus-bla005_6_30_21.adicht,110,18.0
cus,nacc,fgnacc-cus-bla005_6_30_21.adicht,120,20.0
cus,nacc,fgnacc-cus-bla005_6_30_21.adicht,130,22.0
cus,nacc,fgnacc-cus-bla005_6_30_21.adicht,140,24.0
cus,nacc,fgnacc-cus-bla005_6_30_21.adicht,150,26.0
cus,nacc,fgnacc-cus-bla006_6_30_21.adicht,10,0.0
cus,nacc,fgnacc-cus-bla006_6_30_21.adicht,20,0.0
cus,nacc,fgnacc-cus-bla006_6_30_21.adicht,30,0.0
cus,nacc,fgnacc-cus-bla006_6_30_21.adicht,40,0.0
cus,nacc,fgnacc-cus-bla006_6_30_21.adicht,50,6.0
cus,nacc,fgnacc-cus-bla006_6_30_21.adicht,60,10.0
cus,nacc,fgnacc-cus-bla006_6_30_21.adicht,70,14.0
cus,nacc,fgnacc-cus-bla006_6_30_21.adicht,80,18.0
cus,nacc,fgnacc-cus-bla006_6_30_21.adicht,90,20.0
cus,nacc,fgnacc-cus-bla006_6_30_21.adicht,100,24.0
cus,nacc,fgnacc-cus-bla006_6_30_21.adicht,110,26.0
cus,nacc,fgnacc-cus-bla006_6_30_21.adicht,120,30.0
cus,nacc,fgnacc-cus-bla006_6_30_21.adicht,130,32.0
cus,nacc,fgnacc-cus-bla006_6_30_21.adicht,140,34.0
cus,nacc,fgnacc-cus-bla006_6_30_21.adicht,150,38.0
cus,nacc,fgnacc-cus-bla007_7_1_21.adicht,10,0.0
cus,nacc,fgnacc-cus-bla007_7_1_21.adicht,20,0.0
cus,nacc,fgnacc-cus-bla007_7_1_21.adicht,30,0.0
cus,nacc,fgnacc-cus-bla007_7_1_21.adicht,40,0.0
cus,nacc,fgnacc-cus-bla007_7_1_21.adicht,50,0.0
cus,nacc,fgnacc-cus-bla007_7_1_21.adicht,60,0.0
cus,nacc,fgnacc-cus-bla007_7_1_21.adicht,70,0.0
cus,nacc,fgnacc-cus-bla007_7_1_21.adicht,80,2.0
cus,nacc,fgnacc-cus-bla007_7_1_21.adicht,90,6.0
cus,nacc,fgnacc-cus-bla007_7_1_21.adicht,100,10.0
cus,nacc,fgnacc-cus-bla007_7_1_21.adicht,110,12.0
cus,nacc,fgnacc-cus-bla007_7_1_21.adicht,120,14.0
cus,nacc,fgnacc-cus-bla007_7_1_21.adicht,130,16.0
cus,nacc,fgnacc-cus-bla007_7_1_21.adicht,140,18.0
cus,nacc,fgnacc-cus-bla007_7_1_21.adicht,150,20.0
cus,nonspecific,cusbla001_4_27_21.adicht,10,0.0
cus,nonspecific,cusbla001_4_27_21.adicht,20,12.0
cus,nonspecific,cusbla001_4_27_21.adicht,30,22.0
cus,nonspecific,cusbla001_4_27_21.adicht,40,32.0
cus,nonspecific,cusbla001_4_27_21.adicht,50,40.0
cus,nonspecific,cusbla001_4_27_21.adicht,60,48.0
cus,nonspecific,cusbla001_4_27_21.adicht,70,56.0
cus,nonspecific,cusbla001_4_27_21.adicht,80,60.0
cus,nonspecific,cusbla001_4_27_21.adicht,90,62.0
cus,nonspecific,cusbla001_4_27_21.adicht,100,66.0
cus,nonspecific,cusbla001_4_27_21.adicht,110,60.0
cus,nonspecific,cusbla001_4_27_21.adicht,120,40.0
cus,nonspecific,cusbla001_4_27_21.adicht,130,22.0
cus,nonspecific,cusbla001_4_27_21.adicht,140,16.0
cus,nonspecific,cusbla001_4_27_21.adicht,150,12.0
cus,nonspecific,cusbla002_4_27_21.adicht,10,0.0
cus,nonspecific,cusbla002_4_27_21.adicht,20,10.0
cus,nonspecific,cusbla002_4_27_21.adicht,30,18.0
cus,nonspecific,cusbla002_4_27_21.adicht,40,26.0
cus,nonspecific,cusbla002_4_27_21.adicht,50,32.0
cus,nonspecific,cusbla002_4_27_21.adicht,60,38.0
cus,nonspecific,cusbla002_4_27_21.adicht,70,40.0
cus,nonspecific,cusbla002_4_27_21.adicht,80,44.0
cus,nonspecific,cusbla002_4_27_21.adicht,90,46.0
cus,nonspecific,cusbla002_4_27_21.adicht,100,50.0
cus,nonspecific,cusbla002_4_27_21.adicht,110,32.0
cus,nonspecific,cusbla002_4_27_21.adicht,120,20.0
cus,nonspecific,cusbla002_4_27_21.adicht,130,18.0
cus,nonspecific,cusbla002_4_27_21.adicht,140,14.0
cus,nonspecific,cusbla002_4_27_21.adicht,150,14.0
cus,nonspecific,cusbla003_4_27_21.adicht,10,6.0
cus,nonspecific,cusbla003_4_27_21.adicht,20,26.0
cus,nonspecific,cusbla003_4_27_21.adicht,30,16.0
cus,nonspecific,cusbla003_4_27_21.adicht,40,14.0
cus,nonspecific,cusbla003_4_27_21.adicht,50,12.0
cus,nonspecific,cusbla003_4_27_21.adicht,60,10.0
cus,nonspecific,cusbla003_4_27_21.adicht,70,8.0
cus,nonspecific,cusbla003_4_27_21.adicht,80,8.0
cus,nonspecific,cusbla003_4_27_21.adicht,90,8.0
cus,nonspecific,cusbla003_4_27_21.adicht,100,8.0
cus,nonspecific,cusbla003_4_27_21.adicht,110,8.0
cus,nonspecific,cusbla003_4_27_21.adicht,120,6.0
cus,nonspecific,cusbla003_4_27_21.adicht,130,6.0
cus,nonspecific,cusbla003_4_27_21.adicht,140,6.0
cus,nonspecific,cusbla003_4_27_21.adicht,150,6.0
cus,nonspecific,cusbla004_4_27_21.adicht,10,14.0
cus,nonspecific,cusbla004_4_27_21.adicht,20,22.0
cus,nonspecific,cusbla004_4_27_21.adicht,30,34.0
cus,nonspecific,cusbla004_4_27_21.adicht,40,44.0
cus,nonspecific,cusbla004_4_27_21.adicht,50,52.0
cus,nonspecific,cusbla004_4_27_21.adicht,60,60.0
cus,nonspecific,cusbla004_4_27_21.adicht,70,66.0
cus,nonspecific,cusbla004_4_27_21.adicht,80,70.0
cus,nonspecific,cusbla004_4_27_21.adicht,90,74.0
cus,nonspecific,cusbla004_4_27_21.adicht,100,78.0
cus,nonspecific,cusbla004_4_27_21.adicht,110,80.0
cus,nonspecific,cusbla004_4_27_21.adicht,120,56.0
cus,nonspecific,cusbla004_4_27_21.adicht,130,22.0
cus,nonspecific,cusbla004_4_27_21.adicht,140,12.0
cus,nonspecific,cusbla004_4_27_21.adicht,150,10.0
cus,nonspecific,cusbla005_4_27_21.adicht,10,0.0
cus,nonspecific,cusbla005_4_27_21.adicht,20,0.0
cus,nonspecific,cusbla005_4_27_21.adicht,30,0.0
cus,nonspecific,cusbla005_4_27_21.adicht,40,0.0
cus,nonspecific,cusbla005_4_27_21.adicht,50,0.0
cus,nonspecific,cusbla005_4_27_21.adicht,60,0.0
cus,nonspecific,cusbla005_4_27_21.adicht,70,0.0
cus,nonspecific,cusbla005_4_27_21.adicht,80,0.0
cus,nonspecific,cusbla005_4_27_21.adicht,90,0.0
cus,nonspecific,cusbla005_4_27_21.adicht,100,6.0
cus,nonspecific,cusbla005_4_27_21.adicht,110,8.0
cus,nonspecific,cusbla005_4_27_21.adicht,120,12.0
cus,nonspecific,cusbla005_4_27_21.adicht,130,12.0
cus,nonspecific,cusbla005_4_27_21.adicht,140,14.0
cus,nonspecific,cusbla005_4_27_21.adicht,150,16.0
cus,nonspecific,cusbla006_4_27_21.adicht,10,0.0
cus,nonspecific,cusbla006_4_27_21.adicht,20,0.0
cus,nonspecific,cusbla006_4_27_21.adicht,30,0.0
cus,nonspecific,cusbla006_4_27_21.adicht,40,0.0
cus,nonspecific,cusbla006_4_27_21.adicht,50,0.0
cus,nonspecific,cusbla006_4_27_21.adicht,60,0.0
cus,nonspecific,cusbla006_4_27_21.adicht,70,0.0
cus,nonspecific,cusbla006_4_27_21.adicht,80,0.0
cus,nonspecific,cusbla006_4_27_21.adicht,90,4.0
cus,nonspecific,cusbla006_4_27_21.adicht,100,8.0
cus,nonspecific,cusbla006_4_27_21.adicht,110,10.0
cus,nonspecific,cusbla006_4_27_21.adicht,120,12.0
cus,nonspecific,cusbla006_4_27_21.adicht,130,14.0
cus,nonspecific,cusbla006_4_27_21.adicht,140,16.0
cus,nonspecific,cusbla006_4_27_21.adicht,150,16.0
cus,nonspecific,cusbla007_4_27_21.adicht,10,2.0
cus,nonspecific,cusbla007_4_27_21.adicht,20,12.0
cus,nonspecific,cusbla007_4_27_21.adicht,30,16.0
cus,nonspecific,cusbla007_4_27_21.adicht,40,32.0
cus,nonspecific,cusbla007_4_27_21.adicht,50,44.0
cus,nonspecific,cusbla007_4_27_21.adicht,60,52.0
cus,nonspecific,cusbla007_4_27_21.adicht,70,62.0
cus,nonspecific,cusbla007_4_27_21.adicht,80,70.0
cus,nonspecific,cusbla007_4_27_21.adicht,90,74.0
cus,nonspecific,cusbla007_4_27_21.adicht,100,78.0
cus,nonspecific,cusbla007_4_27_21.adicht,110,84.0
cus,nonspecific,cusbla007_4_27_21.adicht,120,82.0
cus,nonspecific,cusbla007_4_27_21.adicht,130,44.0
cus,nonspecific,cusbla007_4_27_21.adicht,140,18.0
cus,nonspecific,cusbla007_4_27_21.adicht,150,12.0
cus,nonspecific,cusbla008_4_30_21.adicht,10,0.0
cus,nonspecific,cusbla008_4_30_21.adicht,20,0.0
cus,nonspecific,cusbla008_4_30_21.adicht,30,2.0
cus,nonspecific,cusbla008_4_30_21.adicht,40,6.0
cus,nonspecific,cusbla008_4_30_21.adicht,50,10.0
cus,nonspecific,cusbla008_4_30_21.adicht,60,16.0
cus,nonspecific,cusbla008_4_30_21.adicht,70,16.0
cus,nonspecific,cusbla008_4_30_21.adicht,80,20.0
cus,nonspecific,cusbla008_4_30_21.adicht,90,24.0
cus,nonspecific,cusbla008_4_30_21.adicht,100,24.0
cus,nonspecific,cusbla008_4_30_21.adicht,110,26.0
cus,nonspecific,cusbla008_4_30_21.adicht,120,28.0
cus,nonspecific,cusbla008_4_30_21.adicht,130,28.0
cus,nonspecific,cusbla008_4_30_21.adicht,140,30.0
cus,nonspecific,cusbla008_4_30_21.adicht,150,30.0
cus,nonspecific,cusbla009_4_30_21.adicht,10,0.0
cus,nonspecific,cusbla009_4_30_21.adicht,20,2.0
cus,nonspecific,cusbla009_4_30_21.adicht,30,2.0
cus,nonspecific,cusbla009_4_30_21.adicht,40,2.0
cus,nonspecific,cusbla009_4_30_21.adicht,50,4.0
cus,nonspecific,cusbla009_4_30_21.adicht,60,6.0
cus,nonspecific,cusbla009_4_30_21.adicht,70,6.0
cus,nonspecific,cusbla009_4_30_21.adicht,80,10.0
cus,nonspecific,cusbla009_4_30_21.adicht,90,10.0
cus,nonspecific,cusbla009_4_30_21.adicht,100,12.0
cus,nonspecific,cusbla009_4_30_21.adicht,110,14.0
cus,nonspecific,cusbla009_4_30_21.adicht,120,22.0
cus,nonspecific,cusbla009_4_30_21.adicht,130,24.0
cus,nonspecific,cusbla009_4_30_21.adicht,140,28.0
cus,nonspecific,cusbla009_4_30_21.adicht,150,24.0
cus,nonspecific,cusbla010_4_30_21.adicht,10,0.0
cus,nonspecific,cusbla010_4_30_21.adicht,20,0.0
cus,nonspecific,cusbla010_4_30_21.adicht,30,4.0
cus,nonspecific,cusbla010_4_30_21.adicht,40,10.0
cus,nonspecific,cusbla010_4_30_21.adicht,50,16.0
cus,nonspecific,cusbla010_4_30_21.adicht,60,20.0
cus,nonspecific,cusbla010_4_30_21.adicht,70,24.0
cus,nonspecific,cusbla010_4_30_21.adicht,80,28.0
cus,nonspecific,cusbla010_4_30_21.adicht,90,32.0
cus,nonspecific,cusbla010_4_30_21.adicht,100,36.0
cus,nonspecific,cusbla010_4_30_21.adicht,110,40.0
cus,nonspecific,cusbla010_4_30_21.adicht,120,42.0
cus,nonspecific,cusbla010_4_30_21.adicht,130,46.0
cus,nonspecific,cusbla010_4_30_21.adicht,140,48.0
cus,nonspecific,cusbla010_4_30_21.adicht,150,50.0
cus,nonspecific,cusbla011_4_30_21.adicht,10,0.0
cus,nonspecific,cusbla011_4_30_21.adicht,20,6.0
cus,nonspecific,cusbla011_4_30_21.adicht,30,10.0
cus,nonspecific,cusbla011_4_30_21.adicht,40,14.0
cus,nonspecific,cusbla011_4_30_21.adicht,50,18.0
cus,nonspecific,cusbla011_4_30_21.adicht,60,20.0
cus,nonspecific,cusbla011_4_30_21.adicht,70,24.0
cus,nonspecific,cusbla011_4_30_21.adicht,80,28.0
cus,nonspecific,cusbla011_4_30_21.adicht,90,30.0
cus,nonspecific,cusbla011_4_30_21.adicht,100,32.0
cus,nonspecific,cusbla011_4_30_21.adicht,110,36.0
cus,nonspecific,cusbla011_4_30_21.adicht,120,40.0
cus,nonspecific,cusbla011_4_30_21.adicht,130,44.0
cus,nonspecific,cusbla011_4_30_21.adicht,140,44.0
cus,nonspecific,cusbla011_4_30_21.adicht,150,46.0
cus,nonspecific,cusbla012_4_30_21.adicht,10,0.0
cus,nonspecific,cusbla012_4_30_21.adicht,20,0.0
cus,nonspecific,cusbla012_4_30_21.adicht,30,0.0
cus,nonspecific,cusbla012_4_30_21.adicht,40,0.0
cus,nonspecific,cusbla012_4_30_21.adicht,50,0.0
cus,nonspecific,cusbla012_4_30_21.adicht,60,0.0
cus,nonspecific,cusbla012_4_30_21.adicht,70,2.0
cus,nonspecific,cusbla012_4_30_21.adicht,80,2.0
cus,nonspecific,cusbla012_4_30_21.adicht,90,6.0
cus,nonspecific,cusbla012_4_30_21.adicht,100,8.0
cus,nonspecific,cusbla012_4_30_21.adicht,110,12.0
cus,nonspecific,cusbla012_4_30_21.adicht,120,14.0
cus,nonspecific,cusbla012_4_30_21.adicht,130,16.0
cus,nonspecific,cusbla012_4_30_21.adicht,140,18.0
cus,nonspecific,cusbla012_4_30_21.adicht,150,20.0
cus,nonspecific,cusbla013_4_30_21.adicht,10,0.0
cus,nonspecific,cusbla013_4_30_21.adicht,20,8.0
cus,nonspecific,cusbla013_4_30_21.adicht,30,14.0
cus,nonspecific,cusbla013_4_30_21.adicht,40,22.0
cus,nonspecific,cusbla013_4_30_21.adicht,50,28.0
cus,nonspecific,cusbla013_4_30_21.adicht,60,36.0
cus,nonspecific,cusbla013_4_30_21.adicht,70,40.0
cus,nonspecific,cusbla013_4_30_21.adicht,80,46.0
cus,nonspecific,cusbla013_4_30_21.adicht,90,50.0
cus,nonspecific,cusbla013_4_30_21.adicht,100,56.0
cus,nonspecific,cusbla013_4_30_21.adicht,110,58.0
cus,nonspecific,cusbla013_4_30_21.adicht,120,62.0
cus,nonspecific,cusbla013_4_30_21.adicht,130,66.0
cus,nonspecific,cusbla013_4_30_21.adicht,140,68.0
cus,nonspecific,cusbla013_4_30_21.adicht,150,72.0
cus,nonspecific,cusbla014_4_30_21.adicht,10,0.0
cus,nonspecific,cusbla014_4_30_21.adicht,20,8.0
cus,nonspecific,cusbla014_4_30_21.adicht,30,14.0
cus,nonspecific,cusbla014_4_30_21.adicht,40,20.0
cus,nonspecific,cusbla014_4_30_21.adicht,50,24.0
cus,nonspecific,cusbla014_4_30_21.adicht,60,28.0
cus,nonspecific,cusbla014_4_30_21.adicht,70,34.0
cus,nonspecific,cusbla014_4_30_21.adicht,80,40.0
cus,nonspecific,cusbla014_4_30_21.adicht,90,46.0
cus,nonspecific,cusbla014_4_30_21.adicht,100,50.0
cus,nonspecific,cusbla014_4_30_21.adicht,110,54.0
cus,nonspecific,cusbla014_4_30_21.adicht,120,60.0
cus,nonspecific,cusbla014_4_30_21.adicht,130,64.0
cus,nonspecific,cusbla014_4_30_21.adicht,140,68.0
cus,nonspecific,cusbla014_4_30_21.adicht,150,70.0
cus,nonspecific,cusbla015_4_30_21.adicht,10,0.0
cus,nonspecific,cusbla015_4_30_21.adicht,20,2.0
cus,nonspecific,cusbla015_4_30_21.adicht,30,10.0
cus,nonspecific,cusbla015_4_30_21.adicht,40,22.0
cus,nonspecific,cusbla015_4_30_21.adicht,50,30.0
cus,nonspecific,cusbla015_4_30_21.adicht,60,38.0
cus,nonspecific,cusbla015_4_30_21.adicht,70,44.0
cus,nonspecific,cusbla015_4_30_21.adicht,80,48.0
cus,nonspecific,cusbla015_4_30_21.adicht,90,54.0
cus,nonspecific,cusbla015_4_30_21.adicht,100,58.0
cus,nonspecific,cusbla015_4_30_21.adicht,110,62.0
cus,nonspecific,cusbla015_4_30_21.adicht,120,66.0
cus,nonspecific,cusbla015_4_30_21.adicht,130,70.0
cus,nonspecific,cusbla015_4_30_21.adicht,140,72.0
cus,nonspecific,cusbla015_4_30_21.adicht,150,28.0
cus,nonspecific,cusbla016_4_30_21.adicht,10,0.0
cus,nonspecific,cusbla016_4_30_21.adicht,20,4.0
cus,nonspecific,cusbla016_4_30_21.adicht,30,12.0
cus,nonspecific,cusbla016_4_30_21.adicht,40,20.0
cus,nonspecific,cusbla016_4_30_21.adicht,50,22.0
cus,nonspecific,cusbla016_4_30_21.adicht,60,26.0
cus,nonspecific,cusbla016_4_30_21.adicht,70,28.0
cus,nonspecific,cusbla016_4_30_21.adicht,80,34.0
cus,nonspecific,cusbla016_4_30_21.adicht,90,38.0
cus,nonspecific,cusbla016_4_30_21.adicht,100,40.0
cus,nonspecific,cusbla016_4_30_21.adicht,110,42.0
cus,nonspecific,cusbla016_4_30_21.adicht,120,44.0
cus,nonspecific,cusbla016_4_30_21.adicht,130,46.0
cus,nonspecific,cusbla016_4_30_21.adicht,140,48.0
cus,nonspecific,cusbla016_4_30_21.adicht,150,50.0
cus,nonspecific,cusbla017_4_30_21.adicht,10,0.0
cus,nonspecific,cusbla017_4_30_21.adicht,20,0.0
cus,nonspecific,cusbla017_4_30_21.adicht,30,0.0
cus,nonspecific,cusbla017_4_30_21.adicht,40,0.0
cus,nonspecific,cusbla017_4_30_21.adicht,50,0.0
cus,nonspecific,cusbla017_4_30_21.adicht,60,1.9996000799840032
cus,nonspecific,cusbla017_4_30_21.adicht,70,1.9996000799840032
cus,nonspecific,cusbla017_4_30_21.adicht,80,3.9992001599680065
cus,nonspecific,cusbla017_4_30_21.adicht,90,5.9988002399520095
cus,nonspecific,cusbla017_4_30_21.adicht,100,7.998400319936013
cus,nonspecific,cusbla017_4_30_21.adicht,110,9.998000399920016
cus,nonspecific,cusbla017_4_30_21.adicht,120,11.997600479904019
cus,nonspecific,cusbla017_4_30_21.adicht,130,13.997200559888023
cus,nonspecific,cusbla017_4_30_21.adicht,140,13.997200559888023
cus,nonspecific,cusbla017_4_30_21.adicht,150,15.996800639872026
cus,nonspecific,cusbla018_4_30_21.adicht,10,0.0
cus,nonspecific,cusbla018_4_30_21.adicht,20,0.0
cus,nonspecific,cusbla018_4_30_21.adicht,30,0.0
cus,nonspecific,cusbla018_4_30_21.adicht,40,0.0
cus,nonspecific,cusbla018_4_30_21.adicht,50,4.0
cus,nonspecific,cusbla018_4_30_21.adicht,60,6.0
cus,nonspecific,cusbla018_4_30_21.adicht,70,10.0
cus,nonspecific,cusbla018_4_30_21.adicht,80,12.0
cus,nonspecific,cusbla018_4_30_21.adicht,90,16.0
cus,nonspecific,cusbla018_4_30_21.adicht,100,18.0
cus,nonspecific,cusbla018_4_30_21.adicht,110,20.0
cus,nonspecific,cusbla018_4_30_21.adicht,120,24.0
cus,nonspecific,cusbla018_4_30_21.adicht,130,26.0
cus,nonspecific,cusbla018_4_30_21.adicht,140,30.0
cus,nonspecific,cusbla018_4_30_21.adicht,150,32.0
cus,nonspecific,cusbla019_4_30_21.adicht,10,0.0
cus,nonspecific,cusbla019_4_30_21.adicht,20,0.0
cus,nonspecific,cusbla019_4_30_21.adicht,30,0.0
cus,nonspecific,cusbla019_4_30_21.adicht,40,2.0
cus,nonspecific,cusbla019_4_30_21.adicht,50,4.0
cus,nonspecific,cusbla019_4_30_21.adicht,60,6.0
cus,nonspecific,cusbla019_4_30_21.adicht,70,8.0
cus,nonspecific,cusbla019_4_30_21.adicht,80,12.0
cus,nonspecific,cusbla019_4_30_21.adicht,90,14.0
cus,nonspecific,cusbla019_4_30_21.adicht,100,16.0
cus,nonspecific,cusbla019_4_30_21.adicht,110,18.0
cus,nonspecific,cusbla019_4_30_21.adicht,120,20.0
cus,nonspecific,cusbla019_4_30_21.adicht,130,22.0
cus,nonspecific,cusbla019_4_30_21.adicht,140,24.0
cus,nonspecific,cusbla019_4_30_21.adicht,150,24.0
cus,nonspecific,cusbla020_5_7_21.adicht,10,0.0
cus,nonspecific,cusbla020_5_7_21.adicht,20,16.0
cus,nonspecific,cusbla020_5_7_21.adicht,30,28.0
cus,nonspecific,cusbla020_5_7_21.adicht,40,34.0
cus,nonspecific,cusbla020_5_7_21.adicht,50,44.0
cus,nonspecific,cusbla020_5_7_21.adicht,60,50.0
cus,nonspecific,cusbla020_5_7_21.adicht,70,56.0
cus,nonspecific,cusbla020_5_7_21.adicht,80,64.0
cus,nonspecific,cusbla020_5_7_21.adicht,90,68.0
cus,nonspecific,cusbla020_5_7_21.adicht,100,74.0
cus,nonspecific,cusbla020_5_7_21.adicht,110,78.0
cus,nonspecific,cusbla020_5_7_21.adicht,120,84.0
cus,nonspecific,cusbla020_5_7_21.adicht,130,88.0
cus,nonspecific,cusbla020_5_7_21.adicht,140,92.0
cus,nonspecific,cusbla020_5_7_21.adicht,150,94.0
cus,nonspecific,cusbla021_5_7_21.adicht,10,0.0
cus,nonspecific,cusbla021_5_7_21.adicht,20,2.0
cus,nonspecific,cusbla021_5_7_21.adicht,30,6.0
cus,nonspecific,cusbla021_5_7_21.adicht,40,8.0
cus,nonspecific,cusbla021_5_7_21.adicht,50,12.0
cus,nonspecific,cusbla021_5_7_21.adicht,60,14.0
cus,nonspecific,cusbla021_5_7_21.adicht,70,20.0
cus,nonspecific,cusbla021_5_7_21.adicht,80,20.0
cus,nonspecific,cusbla021_5_7_21.adicht,90,26.0
cus,nonspecific,cusbla021_5_7_21.adicht,100,26.0
cus,nonspecific,cusbla021_5_7_21.adicht,110,30.0
cus,nonspecific,cusbla021_5_7_21.adicht,120,28.0
cus,nonspecific,cusbla021_5_7_21.adicht,130,30.0
cus,nonspecific,cusbla021_5_7_21.adicht,140,30.0
cus,nonspecific,cusbla021_5_7_21.adicht,150,28.0
cus,nonspecific,cusbla022_5_7_21.adicht,10,0.0
cus,nonspecific,cusbla022_5_7_21.adicht,20,0.0
cus,nonspecific,cusbla022_5_7_21.adicht,30,0.0
cus,nonspecific,cusbla022_5_7_21.adicht,40,0.0
cus,nonspecific,cusbla022_5_7_21.adicht,50,0.0
cus,nonspecific,cusbla022_5_7_21.adicht,60,0.0
cus,nonspecific,cusbla022_5_7_21.adicht,70,2.0
cus,nonspecific,cusbla022_5_7_21.adicht,80,14.0
cus,nonspecific,cusbla022_5_7_21.adicht,90,20.0
cus,nonspecific,cusbla022_5_7_21.adicht,100,24.0
cus,nonspecific,cusbla022_5_7_21.adicht,110,26.0
cus,nonspecific,cusbla022_5_7_21.adicht,120,30.0
cus,nonspecific,cusbla022_5_7_21.adicht,130,32.0
cus,nonspecific,cusbla022_5_7_21.adicht,140,32.0
cus,nonspecific,cusbla022_5_7_21.adicht,150,34.0
cus,nonspecific,cusbla023_5_7_21.adicht,10,0.0
cus,nonspecific,cusbla023_5_7_21.adicht,20,0.0
cus,nonspecific,cusbla023_5_7_21.adicht,30,0.0
cus,nonspecific,cusbla023_5_7_21.adicht,40,0.0
cus,nonspecific,cusbla023_5_7_21.adicht,50,0.0
cus,nonspecific,cusbla023_5_7_21.adicht,60,2.0
cus,nonspecific,cusbla023_5_7_21.adicht,70,10.0
cus,nonspecific,cusbla023_5_7_21.adicht,80,16.0
cus,nonspecific,cusbla023_5_7_21.adicht,90,22.0
cus,nonspecific,cusbla023_5_7_21.adicht,100,26.0
cus,nonspecific,cusbla023_5_7_21.adicht,110,28.0
cus,nonspecific,cusbla023_5_7_21.adicht,120,32.0
cus,nonspecific,cusbla023_5_7_21.adicht,130,34.0
cus,nonspecific,cusbla023_5_7_21.adicht,140,36.0
cus,nonspecific,cusbla023_5_7_21.adicht,150,38.0
cus,nonspecific,cusbla024_5_7_21.adicht,10,0.0
cus,nonspecific,cusbla024_5_7_21.adicht,20,0.0
cus,nonspecific,cusbla024_5_7_21.adicht,30,0.0
cus,nonspecific,cusbla024_5_7_21.adicht,40,0.0
cus,nonspecific,cusbla024_5_7_21.adicht,50,0.0
cus,nonspecific,cusbla024_5_7_21.adicht,60,0.0
cus,nonspecific,cusbla024_5_7_21.adicht,70,0.0
cus,nonspecific,cusbla024_5_7_21.adicht,80,0.0
cus,nonspecific,cusbla024_5_7_21.adicht,90,0.0
cus,nonspecific,cusbla024_5_7_21.adicht,100,0.0
cus,nonspecific,cusbla024_5_7_21.adicht,110,2.0
cus,nonspecific,cusbla024_5_7_21.adicht,120,14.0
cus,nonspecific,cusbla024_5_7_21.adicht,130,20.0
cus,nonspecific,cusbla024_5_7_21.adicht,140,24.0
cus,nonspecific,cusbla024_5_7_21.adicht,150,22.0
cus,nonspecific,cusbla025_5_7_21.adicht,10,4.0
cus,nonspecific,cusbla025_5_7_21.adicht,20,10.0
cus,nonspecific,cusbla025_5_7_21.adicht,30,12.0
cus,nonspecific,cusbla025_5_7_21.adicht,40,16.0
cus,nonspecific,cusbla025_5_7_21.adicht,50,20.0
cus,nonspecific,cusbla025_5_7_21.adicht,60,24.0
cus,nonspecific,cusbla025_5_7_21.adicht,70,30.0
cus,nonspecific,cusbla025_5_7_21.adicht,80,32.0
cus,nonspecific,cusbla025_5_7_21.adicht,90,34.0
cus,nonspecific,cusbla025_5_7_21.adicht,100,36.0
cus,nonspecific,cusbla025_5_7_21.adicht,110,34.0
cus,nonspecific,cusbla025_5_7_21.adicht,120,36.0
cus,nonspecific,cusbla025_5_7_21.adicht,130,38.0
cus,nonspecific,cusbla025_5_7_21.adicht,140,38.0
cus,nonspecific,cusbla025_5_7_21.adicht,150,34.0
cus,nonspecific,cusbla026_5_7_21.adicht,10,0.0
cus,nonspecific,cusbla026_5_7_21.adicht,20,0.0
cus,nonspecific,cusbla026_5_7_21.adicht,30,0.0
cus,nonspecific,cusbla026_5_7_21.adicht,40,0.0
cus,nonspecific,cusbla026_5_7_21.adicht,50,0.0
cus,nonspecific,cusbla026_5_7_21.adicht,60,0.0
cus,nonspecific,cusbla026_5_7_21.adicht,70,0.0
cus,nonspecific,cusbla026_5_7_21.adicht,80,0.0
cus,nonspecific,cusbla026_5_7_21.adicht,90,0.0
cus,nonspecific,cusbla026_5_7_21.adicht,100,0.0
cus,nonspecific,cusbla026_5_7_21.adicht,110,4.0
cus,nonspecific,cusbla026_5_7_21.adicht,120,8.0
cus,nonspecific,cusbla026_5_7_21.adicht,130,16.0
cus,nonspecific,cusbla026_5_7_21.adicht,140,20.0
cus,nonspecific,cusbla026_5_7_21.adicht,150,24.0
cus,nonspecific,cusbla027_5_7_21.adicht,10,6.0
cus,nonspecific,cusbla027_5_7_21.adicht,20,12.0
cus,nonspecific,cusbla027_5_7_21.adicht,30,18.0
cus,nonspecific,cusbla027_5_7_21.adicht,40,24.0
cus,nonspecific,cusbla027_5_7_21.adicht,50,28.0
cus,nonspecific,cusbla027_5_7_21.adicht,60,30.0
cus,nonspecific,cusbla027_5_7_21.adicht,70,32.0
cus,nonspecific,cusbla027_5_7_21.adicht,80,34.0
cus,nonspecific,cusbla027_5_7_21.adicht,90,34.0
cus,nonspecific,cusbla027_5_7_21.adicht,100,32.0
cus,nonspecific,cusbla027_5_7_21.adicht,110,20.0
cus,nonspecific,cusbla027_5_7_21.adicht,120,4.0
cus,nonspecific,cusbla027_5_7_21.adicht,130,4.0
cus,nonspecific,cusbla027_5_7_21.adicht,140,4.0
cus,nonspecific,cusbla027_5_7_21.adicht,150,2.0
cus,nonspecific,cusbla028_5_7_21.adicht,10,0.0
cus,nonspecific,cusbla028_5_7_21.adicht,20,0.0
cus,nonspecific,cusbla028_5_7_21.adicht,30,0.0
cus,nonspecific,cusbla028_5_7_21.adicht,40,0.0
cus,nonspecific,cusbla028_5_7_21.adicht,50,0.0
cus,nonspecific,cusbla028_5_7_21.adicht,60,0.0
cus,nonspecific,cusbla028_5_7_21.adicht,70,0.0
cus,nonspecific,cusbla028_5_7_21.adicht,80,0.0
cus,nonspecific,cusbla028_5_7_21.adicht,90,20.0
cus,nonspecific,cusbla028_5_7_21.adicht,100,28.0
cus,nonspecific,cusbla028_5_7_21.adicht,110,26.0
cus,nonspecific,cusbla028_5_7_21.adicht,120,28.0
cus,nonspecific,cusbla028_5_7_21.adicht,130,30.0
cus,nonspecific,cusbla028_5_7_21.adicht,140,32.0
cus,nonspecific,cusbla028_5_7_21.adicht,150,32.0
enriched-environment,bnst,bla-bnstee001.adicht,10,0.0
enriched-environment,bnst,bla-bnstee001.adicht,20,0.0
enriched-environment,bnst,bla-bnstee001.adicht,30,0.0
enriched-environment,bnst,bla-bnstee001.adicht,40,0.0
enriched-environment,bnst,bla-bnstee001.adicht,50,2.6666666666666665
enriched-environment,bnst,bla-bnstee001.adicht,60,8.666666666666666
enriched-environment,bnst,bla-bnstee001.adicht,70,12.0
enriched-environment,bnst,bla-bnstee001.adicht,80,14.666666666666666
enriched-environment,bnst,bla-bnstee001.adicht,90,16.666666666666668
enriched-environment,bnst,bla-bnstee001.adicht,100,19.333333333333332
enriched-environment,bnst,bla-bnstee001.adicht,110,20.666666666666668
enriched-environment,bnst,bla-bnstee001.adicht,120,22.0
enriched-environment,bnst,bla-bnstee001.adicht,130,21.333333333333332
enriched-environment,bnst,bla-bnstee001.adicht,140,23.333333333333332
enriched-environment,bnst,bla-bnstee001.adicht,150,20.666666666666668
enriched-environment,bnst,bla-bnstee002.adicht,10,0.0
enriched-environment,bnst,bla-bnstee002.adicht,20,0.0
enriched-environment,bnst,bla-bnstee002.adicht,30,0.0
enriched-environment,bnst,bla-bnstee002.adicht,40,0.0
enriched-environment,bnst,bla-bnstee002.adicht,50,0.0
enriched-environment,bnst,bla-bnstee002.adicht,60,0.0
enriched-environment,bnst,bla-bnstee002.adicht,70,0.0
enriched-environment,bnst,bla-bnstee002.adicht,80,0.0
enriched-environment,bnst,bla-bnstee002.adicht,90,0.0
enriched-environment,bnst,bla-bnstee002.adicht,100,0.6666666666666666
enriched-environment,bnst,bla-bnstee002.adicht,110,0.0
enriched-environment,bnst,bla-bnstee002.adicht,120,0.0
enriched-environment,bnst,bla-bnstee002.adicht,130,2.0
enriched-environment,bnst,bla-bnstee002.adicht,140,4.0
enriched-environment,bnst,bla-bnstee002.adicht,150,12.666666666666666
enriched-environment,bnst,bla-bnstee003.adicht,10,0.0
enriched-environment,bnst,bla-bnstee003.adicht,20,0.0
enriched-environment,bnst,bla-bnstee003.adicht,30,0.0
enriched-environment,bnst,bla-bnstee003.adicht,40,0.0
enriched-environment,bnst,bla-bnstee003.adicht,50,0.0
enriched-environment,bnst,bla-bnstee003.adicht,60,0.0
enriched-environment,bnst,bla-bnstee003.adicht,70,0.0
enriched-environment,bnst,bla-bnstee003.adicht,80,0.0
enriched-environment,bnst,bla-bnstee003.adicht,90,2.0
enriched-environment,bnst,bla-bnstee003.adicht,100,6.666666666666667
enriched-environment,bnst,bla-bnstee003.adicht,110,9.333333333333334
enriched-environment,bnst,bla-bnstee003.adicht,120,12.0
enriched-environment,bnst,bla-bnstee003.adicht,130,14.0
enriched-environment,bnst,bla-bnstee003.adicht,140,16.0
enriched-environment,bnst,bla-bnstee003.adicht,150,18.0
enriched-environment,bnst,bla-bnstee005.adicht,10,0.0
enriched-environment,bnst,bla-bnstee005.adicht,20,0.0
enriched-environment,bnst,bla-bnstee005.adicht,30,0.0
enriched-environment,bnst,bla-bnstee005.adicht,40,0.0
enriched-environment,bnst,bla-bnstee005.adicht,50,4.0
enriched-environment,bnst,bla-bnstee005.adicht,60,11.0
enriched-environment,bnst,bla-bnstee005.adicht,70,18.0
enriched-environment,bnst,bla-bnstee005.adicht,80,24.0
enriched-environment,bnst,bla-bnstee005.adicht,90,30.0
enriched-environment,bnst,bla-bnstee005.adicht,100,40.0
enriched-environment,bnst,bla-bnstee005.adicht,110,38.0
enriched-environment,bnst,bla-bnstee005.adicht,120,37.0
enriched-environment,bnst,bla-bnstee005.adicht,130,38.0
enriched-environment,bnst,bla-bnstee005.adicht,140,40.0
enriched-environment,bnst,bla-bnstee005.adicht,150,29.0
enriched-environment,bnst,bla-bnstee006.adicht,10,0.0
enriched-environment,bnst,bla-bnstee006.adicht,20,0.0
enriched-environment,bnst,bla-bnstee006.adicht,30,2.0
enriched-environment,bnst,bla-bnstee006.adicht,40,4.0
enriched-environment,bnst,bla-bnstee006.adicht,50,10.0
enriched-environment,bnst,bla-bnstee006.adicht,60,13.333333333333334
enriched-environment,bnst,bla-bnstee006.adicht,70,16.666666666666668
enriched-environment,bnst,bla-bnstee006.adicht,80,20.0
enriched-environment,bnst,bla-bnstee006.adicht,90,22.0
enriched-environment,bnst,bla-bnstee006.adicht,100,24.666666666666668
enriched-environment,bnst,bla-bnstee006.adicht,110,26.666666666666668
enriched-environment,bnst,bla-bnstee006.adicht,120,29.333333333333332
enriched-environment,bnst,bla-bnstee006.adicht,130,32.0
enriched-environment,bnst,bla-bnstee006.adicht,140,34.0
enriched-environment,bnst,bla-bnstee006.adicht,150,34.0
enriched-environment,bnst,bla-bnstee007.adicht,10,0.0
enriched-environment,bnst,bla-bnstee007.adicht,20,0.0
enriched-environment,bnst,bla-bnstee007.adicht,30,0.0
enriched-environment,bnst,bla-bnstee007.adicht,40,0.0
enriched-environment,bnst,bla-bnstee007.adicht,50,0.0
enriched-environment,bnst,bla-bnstee007.adicht,60,1.3333333333333333
enriched-environment,bnst,bla-bnstee007.adicht,70,11.333333333333334
enriched-environment,bnst,bla-bnstee007.adicht,80,18.0
enriched-environment,bnst,bla-bnstee007.adicht,90,23.333333333333332
enriched-environment,bnst,bla-bnstee007.adicht,100,29.333333333333332
enriched-environment,bnst,bla-bnstee007.adicht,110,34.666666666666664
enriched-environment,bnst,bla-bnstee007.adicht,120,40.666666666666664
enriched-environment,bnst,bla-bnstee007.adicht,130,46.666666666666664
enriched-environment,bnst,bla-bnstee007.adicht,140,51.333333333333336
enriched-environment,bnst,bla-bnstee007.adicht,150,56.666666666666664
enriched-environment,bnst,bla-bnstee008.adicht,10,0.0
enriched-environment,bnst,bla-bnstee008.adicht,20,0.0
enriched-environment,bnst,bla-bnstee008.adicht,30,0.0
enriched-environment,bnst,bla-bnstee008.adicht,40,0.0
enriched-environment,bnst,bla-bnstee008.adicht,50,0.6666666666666666
enriched-environment,bnst,bla-bnstee008.adicht,60,2.0
enriched-environment,bnst,bla-bnstee008.adicht,70,2.0
enriched-environment,bnst,bla-bnstee008.adicht,80,7.333333333333333
enriched-environment,bnst,bla-bnstee008.adicht,90,10.666666666666666
enriched-environment,bnst,bla-bnstee008.adicht,100,13.333333333333334
enriched-environment,bnst,bla-bnstee008.adicht,110,16.0
enriched-environment,bnst,bla-bnstee008.adicht,120,18.0
enriched-environment,bnst,bla-bnstee008.adicht,130,19.333333333333332
enriched-environment,bnst,bla-bnstee008.adicht,140,18.666666666666668
enriched-environment,bnst,bla-bnstee008.adicht,150,21.333333333333332
enriched-environment,bnst,bla-bnstee010.adicht,10,0.0
enriched-environment,bnst,bla-bnstee010.adicht,20,0.0
enriched-environment,bnst,bla-bnstee010.adicht,30,0.0
enriched-environment,bnst,bla-bnstee010.adicht,40,0.0
enriched-environment,bnst,bla-bnstee010.adicht,50,0.0
enriched-environment,bnst,bla-bnstee010.adicht,60,0.0
enriched-environment,bnst,bla-bnstee010.adicht,70,3.3333333333333335
enriched-environment,bnst,bla-bnstee010.adicht,80,6.0
enriched-environment,bnst,bla-bnstee010.adicht,90,8.0
enriched-environment,bnst,bla-bnstee010.adicht,100,9.333333333333334
enriched-environment,bnst,bla-bnstee010.adicht,110,11.333333333333334
enriched-environment,bnst,bla-bnstee010.adicht,120,14.0
enriched-environment,bnst,bla-bnstee010.adicht,130,13.333333333333334
enriched-environment,bnst,bla-bnstee010.adicht,140,12.0
enriched-environment,bnst,bla-bnstee010.adicht,150,17.333333333333332
enriched-environment,bnst,bla-bnstee011.adicht,10,0.0
enriched-environment,bnst,bla-bnstee011.adicht,20,0.0
enriched-environment,bnst,bla-bnstee011.adicht,30,0.0
enriched-environment,bnst,bla-bnstee011.adicht,40,1.3333333333333333
enriched-environment,bnst,bla-bnstee011.adicht,50,6.0
enriched-environment,bnst,bla-bnstee011.adicht,60,8.666666666666666
enriched-environment,bnst,bla-bnstee011.adicht,70,12.0
enriched-environment,bnst,bla-bnstee011.adicht,80,14.666666666666666
enriched-environment,bnst,bla-bnstee011.adicht,90,16.666666666666668
enriched-environment,bnst,bla-bnstee011.adicht,100,19.333333333333332
enriched-environment,bnst,bla-bnstee011.adicht,110,22.0
enriched-environment,bnst,bla-bnstee011.adicht,120,25.333333333333332
enriched-environment,bnst,bla-bnstee011.adicht,130,28.0
enriched-environment,bnst,bla-bnstee011.adicht,140,29.333333333333332
enriched-environment,bnst,bla-bnstee011.adicht,150,31.333333333333332
enriched-environment,nacc,bla-nacee001.adicht,10,0.0
enriched-environment,nacc,bla-nacee001.adicht,20,0.0
enriched-environment,nacc,bla-nacee001.adicht,30,0.0
enriched-environment,nacc,bla-nacee001.adicht,40,0.0
enriched-environment,nacc,bla-nacee001.adicht,50,0.0
enriched-environment,nacc,bla-nacee001.adicht,60,0.0
enriched-environment,nacc,bla-nacee001.adicht,70,2.6666666666666665
enriched-environment,nacc,bla-nacee001.adicht,80,6.666666666666667
enriched-environment,nacc,bla-nacee001.adicht,90,10.666666666666666
enriched-environment,nacc,bla-nacee001.adicht,100,14.666666666666666
enriched-environment,nacc,bla-nacee001.adicht,110,15.333333333333334
enriched-environment,nacc,bla-nacee001.adicht,120,17.333333333333332
enriched-environment,nacc,bla-nacee001.adicht,130,18.0
enriched-environment,nacc,bla-nacee001.adicht,140,19.333333333333332
enriched-environment,nacc,bla-nacee001.adicht,150,19.333333333333332
enriched-environment,nacc,bla-nacee003.adicht,10,0.0
enriched-environment,nacc,bla-nacee003.adicht,20,1.3333333333333333
enriched-environment,nacc,bla-nacee003.adicht,30,3.3333333333333335
enriched-environment,nacc,bla-nacee003.adicht,40,8.0
enriched-environment,nacc,bla-nacee003.adicht,50,12.0
enriched-environment,nacc,bla-nacee003.adicht,60,14.0
enriched-environment,nacc,bla-nacee003.adicht,70,18.666666666666668
enriched-environment,nacc,bla-nacee003.adicht,80,19.333333333333332
enriched-environment,nacc,bla-nacee003.adicht,90,22.666666666666668
enriched-environment,nacc,bla-nacee003.adicht,100,26.0
enriched-environment,nacc,bla-nacee003.adicht,110,28.666666666666668
enriched-environment,nacc,bla-nacee003.adicht,120,31.333333333333332
enriched-environment,nacc,bla-nacee003.adicht,130,32.666666666666664
enriched-environment,nacc,bla-nacee003.adicht,140,36.0
enriched-environment,nacc,bla-nacee003.adicht,150,34.666666666666664
enriched-environment,nacc,bla-nacee005.adicht,10,0.0
enriched-environment,nacc,bla-nacee005.adicht,20,0.0
enriched-environment,nacc,bla-nacee005.adicht,30,0.0
enriched-environment,nacc,bla-nacee005.adicht,40,0.0
enriched-environment,nacc,bla-nacee005.adicht,50,0.6666666666666666
enriched-environment,nacc,bla-nacee005.adicht,60,0.6666666666666666
enriched-environment,nacc,bla-nacee005.adicht,70,2.0
enriched-environment,nacc,bla-nacee005.adicht,80,4.666666666666667
enriched-environment,nacc,bla-nacee005.adicht,90,9.333333333333334
enriched-environment,nacc,bla-nacee005.adicht,100,12.0
enriched-environment,nacc,bla-nacee005.adicht,110,14.666666666666666
enriched-environment,nacc,bla-nacee005.adicht,120,17.333333333333332
enriched-environment,nacc,bla-nacee005.adicht,130,19.333333333333332
enriched-environment,nacc,bla-nacee005.adicht,140,20.666666666666668
enriched-environment,nacc,bla-nacee005.adicht,150,21.333333333333332
enriched-environment,nacc,bla-nacee007.adicht,10,6.0
enriched-environment,nacc,bla-nacee007.adicht,20,18.666666666666668
enriched-environment,nacc,bla-nacee007.adicht,30,31.333333333333332
enriched-environment,nacc,bla-nacee007.adicht,40,41.333333333333336
enriched-environment,nacc,bla-nacee007.adicht,50,52.0
enriched-environment,nacc,bla-nacee007.adicht,60,60.666666666666664
enriched-environment,nacc,bla-nacee007.adicht,70,64.0
enriched-environment,nacc,bla-nacee007.adicht,80,67.33333333333333
enriched-environment,nacc,bla-nacee007.adicht,90,71.33333333333333
enriched-environment,nacc,bla-nacee007.adicht,100,75.33333333333333
enriched-environment,nacc,bla-nacee007.adicht,110,65.33333333333333
enriched-environment,nacc,bla-nacee007.adicht,120,35.333333333333336
enriched-environment,nacc,bla-nacee007.adicht,130,22.666666666666668
enriched-environment,nacc,bla-nacee007.adicht,140,20.0
enriched-environment,nacc,bla-nacee007.adicht,150,20.0
enriched-environment,nacc,bla-nacee009.adicht,10,0.0
enriched-environment,nacc,bla-nacee009.adicht,20,0.0
enriched-environment,nacc,bla-nacee009.adicht,30,0.0
enriched-environment,nacc,bla-nacee009.adicht,40,0.0
enriched-environment,nacc,bla-nacee009.adicht,50,0.0
enriched-environment,nacc,bla-nacee009.adicht,60,0.0
enriched-environment,nacc,bla-nacee009.adicht,70,0.0
enriched-environment,nacc,bla-nacee009.adicht,80,0.0
enriched-environment,nacc,bla-nacee009.adicht,90,0.0
enriched-environment,nacc,bla-nacee009.adicht,100,0.0
enriched-environment,nacc,bla-nacee009.adicht,110,0.0
enriched-environment,nacc,bla-nacee009.adicht,120,0.6666666666666666
enriched-environment,nacc,bla-nacee009.adicht,130,1.3333333333333333
enriched-environment,nacc,bla-nacee009.adicht,140,4.0
enriched-environment,nacc,bla-nacee009.adicht,150,6.666666666666667
enriched-environment,nacc,bla-nacee010.adicht,10,0.0
enriched-environment,nacc,bla-nacee010.adicht,20,0.0
enriched-environment,nacc,bla-nacee010.adicht,30,0.0
enriched-environment,nacc,bla-nacee010.adicht,40,0.0
enriched-environment,nacc,bla-nacee010.adicht,50,0.0
enriched-environment,nacc,bla-nacee010.adicht,60,1.3333333333333333
enriched-environment,nacc,bla-nacee010.adicht,70,2.0
enriched-environment,nacc,bla-nacee010.adicht,80,2.0
enriched-environment,nacc,bla-nacee010.adicht,90,4.0
enriched-environment,nacc,bla-nacee010.adicht,100,8.666666666666666
enriched-environment,nacc,bla-nacee010.adicht,110,12.666666666666666
enriched-environment,nacc,bla-nacee010.adicht,120,15.333333333333334
enriched-environment,nacc,bla-nacee010.adicht,130,18.0
enriched-environment,nacc,bla-nacee010.adicht,140,22.0
enriched-environment,nacc,bla-nacee010.adicht,150,22.0
enriched-environment,nonspecific,eebla001.adicht,10,0.0
enriched-environment,nonspecific,eebla001.adicht,20,0.0
enriched-environment,nonspecific,eebla001.adicht,30,0.0
enriched-environment,nonspecific,eebla001.adicht,40,0.0
enriched-environment,nonspecific,eebla001.adicht,50,0.0
enriched-environment,nonspecific,eebla001.adicht,60,5.333333333333333
enriched-environment,nonspecific,eebla001.adicht,70,8.666666666666666
enriched-environment,nonspecific,eebla001.adicht,80,11.333333333333334
enriched-environment,nonspecific,eebla001.adicht,90,14.666666666666666
enriched-environment,nonspecific,eebla001.adicht,100,16.666666666666668
enriched-environment,nonspecific,eebla001.adicht,110,18.0
enriched-environment,nonspecific,eebla001.adicht,120,18.666666666666668
enriched-environment,nonspecific,eebla001.adicht,130,16.0
enriched-environment,nonspecific,eebla001.adicht,140,11.333333333333334
enriched-environment,nonspecific,eebla001.adicht,150,6.0
enriched-environment,nonspecific,eebla002.adicht,10,0.0
enriched-environment,nonspecific,eebla002.adicht,20,0.0
enriched-environment,nonspecific,eebla002.adicht,30,0.0
enriched-environment,nonspecific,eebla002.adicht,40,0.0
enriched-environment,nonspecific,eebla002.adicht,50,0.0
enriched-environment,nonspecific,eebla002.adicht,60,2.6666666666666665
enriched-environment,nonspecific,eebla002.adicht,70,8.0
enriched-environment,nonspecific,eebla002.adicht,80,13.333333333333334
enriched-environment,nonspecific,eebla002.adicht,90,14.666666666666666
enriched-environment,nonspecific,eebla002.adicht,100,20.666666666666668
enriched-environment,nonspecific,eebla002.adicht,110,22.666666666666668
enriched-environment,nonspecific,eebla002.adicht,120,26.666666666666668
enriched-environment,nonspecific,eebla002.adicht,130,29.333333333333332
enriched-environment,nonspecific,eebla002.adicht,140,28.0
enriched-environment,nonspecific,eebla002.adicht,150,20.666666666666668
enriched-environment,nonspecific,eebla004.adicht,10,0.0
enriched-environment,nonspecific,eebla004.adicht,20,0.0
enriched-environment,nonspecific,eebla004.adicht,30,0.0
enriched-environment,nonspecific,eebla004.adicht,40,0.0
enriched-environment,nonspecific,eebla004.adicht,50,0.0
enriched-environment,nonspecific,eebla004.adicht,60,0.0
enriched-environment,nonspecific,eebla004.adicht,70,2.0
enriched-environment,nonspecific,eebla004.adicht,80,3.3333333333333335
enriched-environment,nonspecific,eebla004.adicht,90,6.0
enriched-environment,nonspecific,eebla004.adicht,100,9.333333333333334
enriched-environment,nonspecific,eebla004.adicht,110,12.0
enriched-environment,nonspecific,eebla004.adicht,120,13.333333333333334
enriched-environment,nonspecific,eebla004.adicht,130,15.333333333333334
enriched-environment,nonspecific,eebla004.adicht,140,18.0
enriched-environment,nonspecific,eebla004.adicht,150,20.0
enriched-environment,nonspecific,eebla005.adicht,10,0.0
enriched-environment,nonspecific,eebla005.adicht,20,0.0
enriched-environment,nonspecific,eebla005.adicht,30,0.0
enriched-environment,nonspecific,eebla005.adicht,40,0.0
enriched-environment,nonspecific,eebla005.adicht,50,0.0
enriched-environment,nonspecific,eebla005.adicht,60,0.0
enriched-environment,nonspecific,eebla005.adicht,70,6.666666666666667
enriched-environment,nonspecific,eebla005.adicht,80,10.0
enriched-environment,nonspecific,eebla005.adicht,90,13.333333333333334
enriched-environment,nonspecific,eebla005.adicht,100,16.666666666666668
enriched-environment,nonspecific,eebla005.adicht,110,18.0
enriched-environment,nonspecific,eebla005.adicht,120,20.0
enriched-environment,nonspecific,eebla005.adicht,130,21.333333333333332
enriched-environment,nonspecific,eebla005.adicht,140,22.0
enriched-environment,nonspecific,eebla005.adicht,150,22.666666666666668
enriched-environment,nonspecific,eebla007.adicht,10,0.0
enriched-environment,nonspecific,eebla007.adicht,20,0.0
enriched-environment,nonspecific,eebla007.adicht,30,0.0
enriched-environment,nonspecific,eebla007.adicht,40,0.0
enriched-environment,nonspecific,eebla007.adicht,50,0.0
enriched-environment,nonspecific,eebla007.adicht,60,0.0
enriched-environment,nonspecific,eebla007.adicht,70,0.0
enriched-environment,nonspecific,eebla007.adicht,80,0.0
enriched-environment,nonspecific,eebla007.adicht,90,0.0
enriched-environment,nonspecific,eebla007.adicht,100,0.0
enriched-environment,nonspecific,eebla007.adicht,110,0.6666666666666666
enriched-environment,nonspecific,eebla007.adicht,120,0.0
enriched-environment,nonspecific,eebla007.adicht,130,1.3333333333333333
enriched-environment,nonspecific,eebla007.adicht,140,6.0
enriched-environment,nonspecific,eebla007.adicht,150,8.0
enriched-environment,nonspecific,eebla009.adicht,10,0.0
enriched-environment,nonspecific,eebla009.adicht,20,0.0
enriched-environment,nonspecific,eebla009.adicht,30,0.0
enriched-environment,nonspecific,eebla009.adicht,40,0.0
enriched-environment,nonspecific,eebla009.adicht,50,0.0
enriched-environment,nonspecific,eebla009.adicht,60,0.0
enriched-environment,nonspecific,eebla009.adicht,70,0.0
enriched-environment,nonspecific,eebla009.adicht,80,0.0
enriched-environment,nonspecific,eebla009.adicht,90,0.6666666666666666
enriched-environment,nonspecific,eebla009.adicht,100,1.3333333333333333
enriched-environment,nonspecific,eebla009.adicht,110,2.6666666666666665
enriched-environment,nonspecific,eebla009.adicht,120,4.666666666666667
enriched-environment,nonspecific,eebla009.adicht,130,7.333333333333333
enriched-environment,nonspecific,eebla009.adicht,140,9.333333333333334
enriched-environment,nonspecific,eebla009.adicht,150,11.333333333333334
enriched-environment,nonspecific,eebla014.adicht,10,0.0
enriched-environment,nonspecific,eebla014.adicht,20,0.0
enriched-environment,nonspecific,eebla014.adicht,30,0.6666666666666666
enriched-environment,nonspecific,eebla014.adicht,40,2.6666666666666665
enriched-environment,nonspecific,eebla014.adicht,50,8.0
enriched-environment,nonspecific,eebla014.adicht,60,15.333333333333334
enriched-environment,nonspecific,eebla014.adicht,70,22.666666666666668
enriched-environment,nonspecific,eebla014.adicht,80,26.666666666666668
enriched-environment,nonspecific,eebla014.adicht,90,34.0
enriched-environment,nonspecific,eebla014.adicht,100,36.666666666666664
enriched-environment,nonspecific,eebla014.adicht,110,38.0
enriched-environment,nonspecific,eebla014.adicht,120,30.0
enriched-environment,nonspecific,eebla014.adicht,130,18.0
enriched-environment,nonspecific,eebla014.adicht,140,10.666666666666666
enriched-environment,nonspecific,eebla014.adicht,150,7.333333333333333
enriched-environment,nonspecific,eebla015.adicht,10,0.0
enriched-environment,nonspecific,eebla015.adicht,20,0.0
enriched-environment,nonspecific,eebla015.adicht,30,0.0
enriched-environment,nonspecific,eebla015.adicht,40,0.0
enriched-environment,nonspecific,eebla015.adicht,50,0.0
enriched-environment,nonspecific,eebla015.adicht,60,0.0
enriched-environment,nonspecific,eebla015.adicht,70,0.0
enriched-environment,nonspecific,eebla015.adicht,80,0.0
enriched-environment,nonspecific,eebla015.adicht,90,0.0
enriched-environment,nonspecific,eebla015.adicht,100,0.0
enriched-environment,nonspecific,eebla015.adicht,110,0.0
enriched-environment,nonspecific,eebla015.adicht,120,10.0
enriched-environment,nonspecific,eebla015.adicht,130,10.0
enriched-environment,nonspecific,eebla015.adicht,140,20.0
enriched-environment,nonspecific,eebla015.adicht,150,20.0
enriched-environment,nonspecific,eebla018.adicht,10,2.0
enriched-environment,nonspecific,eebla018.adicht,20,6.666666666666667
enriched-environment,nonspecific,eebla018.adicht,30,10.0
enriched-environment,nonspecific,eebla018.adicht,40,12.0
enriched-environment,nonspecific,eebla018.adicht,50,18.0
enriched-environment,nonspecific,eebla018.adicht,60,18.666666666666668
enriched-environment,nonspecific,eebla018.adicht,70,26.666666666666668
enriched-environment,nonspecific,eebla018.adicht,80,26.666666666666668
enriched-environment,nonspecific,eebla018.adicht,90,28.0
enriched-environment,nonspecific,eebla018.adicht,100,29.333333333333332
enriched-environment,nonspecific,eebla018.adicht,110,26.666666666666668
enriched-environment,nonspecific,eebla018.adicht,120,18.0
enriched-environment,nonspecific,eebla018.adicht,130,12.666666666666666
enriched-environment,nonspecific,eebla018.adicht,140,8.666666666666666
enriched-environment,nonspecific,eebla018.adicht,150,3.3333333333333335
enriched-environment,nonspecific,eebla019.adicht,10,0.0
enriched-environment,nonspecific,eebla019.adicht,20,0.0
enriched-environment,nonspecific,eebla019.adicht,30,0.0
enriched-environment,nonspecific,eebla019.adicht,40,0.0
enriched-environment,nonspecific,eebla019.adicht,50,1.0
enriched-environment,nonspecific,eebla019.adicht,60,4.0
enriched-environment,nonspecific,eebla019.adicht,70,6.0
enriched-environment,nonspecific,eebla019.adicht,80,10.0
enriched-environment,nonspecific,eebla019.adicht,90,12.0
enriched-environment,nonspecific,eebla019.adicht,100,17.0
enriched-environment,nonspecific,eebla019.adicht,110,20.0
enriched-environment,nonspecific,eebla019.adicht,120,19.0
enriched-environment,nonspecific,eebla019.adicht,130,17.0
enriched-environment,nonspecific,eebla019.adicht,140,17.0
enriched-environment,nonspecific,eebla019.adicht,150,13.0
enriched-environment,nonspecific,eebla020.adicht,10,0.0
enriched-environment,nonspecific,eebla020.adicht,20,0.0
enriched-environment,nonspecific,eebla020.adicht,30,0.0
enriched-environment,nonspecific,eebla020.adicht,40,1.3333333333333333
enriched-environment,nonspecific,eebla020.adicht,50,4.666666666666667
enriched-environment,nonspecific,eebla020.adicht,60,8.666666666666666
enriched-environment,nonspecific,eebla020.adicht,70,10.0
enriched-environment,nonspecific,eebla020.adicht,80,9.333333333333334
enriched-environment,nonspecific,eebla020.adicht,90,4.666666666666667
enriched-environment,nonspecific,eebla020.adicht,100,4.666666666666667
enriched-environment,nonspecific,eebla020.adicht,110,3.3333333333333335
enriched-environment,nonspecific,eebla020.adicht,120,2.6666666666666665
enriched-environment,nonspecific,eebla020.adicht,130,2.0
enriched-environment,nonspecific,eebla020.adicht,140,2.0
enriched-environment,nonspecific,eebla020.adicht,150,2.0
